--
-- PostgreSQL database dump
--

SET statement_timeout = 0;
SET lock_timeout = 0;
SET client_encoding = 'UTF8';
SET standard_conforming_strings = on;
SELECT pg_catalog.set_config('search_path', '', false);
SET check_function_bodies = false;
SET client_min_messages = warning;

--
-- Name: plpgsql; Type: EXTENSION; Schema: -; Owner: 
--

CREATE EXTENSION IF NOT EXISTS plpgsql WITH SCHEMA pg_catalog;


--
-- Name: EXTENSION plpgsql; Type: COMMENT; Schema: -; Owner: 
--

COMMENT ON EXTENSION plpgsql IS 'PL/pgSQL procedural language';


SET default_tablespace = '';

SET default_with_oids = false;

--
-- Name: disp_prelev; Type: TABLE; Schema: public; Owner: thomas; Tablespace: 
--

CREATE TABLE public.disp_prelev (
    id integer NOT NULL,
    dispositif character varying(50) NOT NULL
);


ALTER TABLE public.disp_prelev OWNER TO thomas;

--
-- Name: disp_prelev_id_seq; Type: SEQUENCE; Schema: public; Owner: thomas
--

CREATE SEQUENCE public.disp_prelev_id_seq
    START WITH 1
    INCREMENT BY 1
    NO MINVALUE
    NO MAXVALUE
    CACHE 1;


ALTER TABLE public.disp_prelev_id_seq OWNER TO thomas;

--
-- Name: disp_prelev_id_seq; Type: SEQUENCE OWNED BY; Schema: public; Owner: thomas
--

ALTER SEQUENCE public.disp_prelev_id_seq OWNED BY public.disp_prelev.id;


--
-- Name: jours_prelev; Type: TABLE; Schema: public; Owner: thomas; Tablespace: 
--

CREATE TABLE public.jours_prelev (
    id integer NOT NULL,
    jour character varying(10) NOT NULL
);


ALTER TABLE public.jours_prelev OWNER TO thomas;

--
-- Name: jours_prelev_id_seq; Type: SEQUENCE; Schema: public; Owner: thomas
--

CREATE SEQUENCE public.jours_prelev_id_seq
    START WITH 1
    INCREMENT BY 1
    NO MINVALUE
    NO MAXVALUE
    CACHE 1;


ALTER TABLE public.jours_prelev_id_seq OWNER TO thomas;

--
-- Name: jours_prelev_id_seq; Type: SEQUENCE OWNED BY; Schema: public; Owner: thomas
--

ALTER SEQUENCE public.jours_prelev_id_seq OWNED BY public.jours_prelev.id;


--
-- Name: limites_classes; Type: TABLE; Schema: public; Owner: thomas; Tablespace: 
--

CREATE TABLE public.limites_classes (
    id integer NOT NULL,
    classe character varying(10) NOT NULL,
    type character varying(50) NOT NULL,
    limite integer NOT NULL
);


ALTER TABLE public.limites_classes OWNER TO thomas;

--
-- Name: limites_classes_id_seq; Type: SEQUENCE; Schema: public; Owner: thomas
--

CREATE SEQUENCE public.limites_classes_id_seq
    START WITH 1
    INCREMENT BY 1
    NO MINVALUE
    NO MAXVALUE
    CACHE 1;


ALTER TABLE public.limites_classes_id_seq OWNER TO thomas;

--
-- Name: limites_classes_id_seq; Type: SEQUENCE OWNED BY; Schema: public; Owner: thomas
--

ALTER SEQUENCE public.limites_classes_id_seq OWNED BY public.limites_classes.id;


--
-- Name: planning_prelev; Type: TABLE; Schema: public; Owner: thomas; Tablespace: 
--

CREATE TABLE public.planning_prelev (
    id_jour integer NOT NULL,
    id_point integer NOT NULL
);


ALTER TABLE public.planning_prelev OWNER TO thomas;

--
-- Name: points_prelev; Type: TABLE; Schema: public; Owner: thomas; Tablespace: 
--

CREATE TABLE public.points_prelev (
    id integer NOT NULL,
    point character varying(10) NOT NULL,
    description character varying(50),
    id_disp integer NOT NULL,
    id_class integer NOT NULL
);


ALTER TABLE public.points_prelev OWNER TO thomas;

--
-- Name: points_prelev_id_seq; Type: SEQUENCE; Schema: public; Owner: thomas
--

CREATE SEQUENCE public.points_prelev_id_seq
    START WITH 1
    INCREMENT BY 1
    NO MINVALUE
    NO MAXVALUE
    CACHE 1;


ALTER TABLE public.points_prelev_id_seq OWNER TO thomas;

--
-- Name: points_prelev_id_seq; Type: SEQUENCE OWNED BY; Schema: public; Owner: thomas
--

ALTER SEQUENCE public.points_prelev_id_seq OWNED BY public.points_prelev.id;


--
-- Name: prelevements; Type: TABLE; Schema: public; Owner: thomas; Tablespace: 
--

CREATE TABLE public.prelevements (
    id integer NOT NULL,
    date_prelev date NOT NULL,
    id_point integer NOT NULL
);


ALTER TABLE public.prelevements OWNER TO thomas;

--
-- Name: prelevements_id_seq; Type: SEQUENCE; Schema: public; Owner: thomas
--

CREATE SEQUENCE public.prelevements_id_seq
    START WITH 1
    INCREMENT BY 1
    NO MINVALUE
    NO MAXVALUE
    CACHE 1;


ALTER TABLE public.prelevements_id_seq OWNER TO thomas;

--
-- Name: prelevements_id_seq; Type: SEQUENCE OWNED BY; Schema: public; Owner: thomas
--

ALTER SEQUENCE public.prelevements_id_seq OWNED BY public.prelevements.id;


--
-- Name: resultats; Type: TABLE; Schema: public; Owner: thomas; Tablespace: 
--

CREATE TABLE public.resultats (
    id integer NOT NULL,
    id_prelev integer NOT NULL,
    date_res date NOT NULL,
    ufc integer NOT NULL,
    germe character varying(100),
    type_rendu character varying(10) NOT NULL
);


ALTER TABLE public.resultats OWNER TO thomas;

--
-- Name: resultats_id_seq; Type: SEQUENCE; Schema: public; Owner: thomas
--

CREATE SEQUENCE public.resultats_id_seq
    START WITH 1
    INCREMENT BY 1
    NO MINVALUE
    NO MAXVALUE
    CACHE 1;


ALTER TABLE public.resultats_id_seq OWNER TO thomas;

--
-- Name: resultats_id_seq; Type: SEQUENCE OWNED BY; Schema: public; Owner: thomas
--

ALTER SEQUENCE public.resultats_id_seq OWNED BY public.resultats.id;


--
-- Name: id; Type: DEFAULT; Schema: public; Owner: thomas
--

ALTER TABLE ONLY public.disp_prelev ALTER COLUMN id SET DEFAULT nextval('public.disp_prelev_id_seq'::regclass);


--
-- Name: id; Type: DEFAULT; Schema: public; Owner: thomas
--

ALTER TABLE ONLY public.jours_prelev ALTER COLUMN id SET DEFAULT nextval('public.jours_prelev_id_seq'::regclass);


--
-- Name: id; Type: DEFAULT; Schema: public; Owner: thomas
--

ALTER TABLE ONLY public.limites_classes ALTER COLUMN id SET DEFAULT nextval('public.limites_classes_id_seq'::regclass);


--
-- Name: id; Type: DEFAULT; Schema: public; Owner: thomas
--

ALTER TABLE ONLY public.points_prelev ALTER COLUMN id SET DEFAULT nextval('public.points_prelev_id_seq'::regclass);


--
-- Name: id; Type: DEFAULT; Schema: public; Owner: thomas
--

ALTER TABLE ONLY public.prelevements ALTER COLUMN id SET DEFAULT nextval('public.prelevements_id_seq'::regclass);


--
-- Name: id; Type: DEFAULT; Schema: public; Owner: thomas
--

ALTER TABLE ONLY public.resultats ALTER COLUMN id SET DEFAULT nextval('public.resultats_id_seq'::regclass);


--
-- Data for Name: disp_prelev; Type: TABLE DATA; Schema: public; Owner: thomas
--

COPY public.disp_prelev (id, dispositif) FROM stdin;
1	Ecouvillon
2	Boîte de Petri
3	Biocollecteur SamplR
4	Countact
\.


--
-- Name: disp_prelev_id_seq; Type: SEQUENCE SET; Schema: public; Owner: thomas
--

SELECT pg_catalog.setval('public.disp_prelev_id_seq', 4, true);


--
-- Data for Name: jours_prelev; Type: TABLE DATA; Schema: public; Owner: thomas
--

COPY public.jours_prelev (id, jour) FROM stdin;
1	lundi
2	mardi
3	mercredi
4	jeudi
5	vendredi
\.


--
-- Name: jours_prelev_id_seq; Type: SEQUENCE SET; Schema: public; Owner: thomas
--

SELECT pg_catalog.setval('public.jours_prelev_id_seq', 5, true);


--
-- Data for Name: limites_classes; Type: TABLE DATA; Schema: public; Owner: thomas
--

COPY public.limites_classes (id, classe, type, limite) FROM stdin;
1	A	Air	1
2	A	Surface	1
3	A	Gants	1
4	D	Air	100
5	D	Surface	50
\.


--
-- Name: limites_classes_id_seq; Type: SEQUENCE SET; Schema: public; Owner: thomas
--

SELECT pg_catalog.setval('public.limites_classes_id_seq', 5, true);


--
-- Data for Name: planning_prelev; Type: TABLE DATA; Schema: public; Owner: thomas
--

COPY public.planning_prelev (id_jour, id_point) FROM stdin;
1	1
1	2
1	10
1	11
1	12
1	13
1	14
1	20
1	21
1	34
1	35
1	29
1	30
1	38
2	3
2	4
2	10
2	11
2	12
2	17
2	18
2	19
2	23
2	31
2	32
2	36
2	29
2	30
2	38
3	5
3	6
3	7
3	8
3	9
3	10
3	11
3	12
3	27
3	28
3	38
3	41
3	42
3	43
3	39
3	40
4	1
4	2
4	10
4	11
4	12
4	15
4	16
4	25
4	26
4	34
4	37
4	29
4	30
4	38
5	3
5	4
5	10
5	11
5	12
5	22
5	24
5	33
5	35
5	29
5	30
5	38
\.


--
-- Data for Name: points_prelev; Type: TABLE DATA; Schema: public; Owner: thomas
--

COPY public.points_prelev (id, point, description, id_disp, id_class) FROM stdin;
1	gant A	gant	2	3
2	gant B	gant	2	3
3	gant C	gant	2	3
4	gant D	gant	2	3
5	gant E	gant	2	3
6	gant F	gant	2	3
7	gant G	gant	2	3
8	gant H	gant	2	3
9	gant I	gant	2	3
10	point a	coin droit	2	1
11	point b	milieu	2	1
12	point c	coin gauche	2	1
13	point 1	manchette	1	2
14	point 2	manchette	1	2
15	point 3	manchette	1	2
16	point 4	manchette	1	2
17	point 5	manchette	1	2
18	point 6	manchette	1	2
19	point 7	manchette	1	2
20	point 8	coin plan de travail	1	2
21	point 11	coin plan de travail	1	2
22	point 9	DPTE sortie de secours	1	2
23	point 10	DPTE poubelle	1	2
24	point 12	rail mobile	1	2
25	point 13	bouton porte	1	2
26	point 14	poignée interporte	1	2
27	point 15	sas transfert	1	2
28	point 16	sas transfert	1	2
29	point 17	champ surface de travail	1	2
30	point 18	champ surface de travail	1	2
38	point 26	témoin négatif	1	2
31	point 19	automate zone tubulure centrale	1	2
32	point 20	automate façade	1	2
33	point 21	automate bouton allumage	1	2
34	point 22	bouton douchette	1	2
35	point 23	balance plateau	1	2
36	point 24	balance écran	1	2
37	point 25	automate écran	1	2
39	point d	air par boîte de Petri	2	4
40	point e	air par impaction	3	4
41	point 27	paillasse	4	5
42	point 28	paillasse	4	5
43	point 29	paillasse	4	5
\.


--
-- Name: points_prelev_id_seq; Type: SEQUENCE SET; Schema: public; Owner: thomas
--

SELECT pg_catalog.setval('public.points_prelev_id_seq', 43, true);


--
-- Data for Name: prelevements; Type: TABLE DATA; Schema: public; Owner: thomas
--

COPY public.prelevements (id, date_prelev, id_point) FROM stdin;
1	2017-11-21	1
2	2017-11-21	2
3	2017-11-21	3
4	2017-11-21	4
5	2017-11-21	5
6	2017-11-21	6
7	2017-11-21	7
8	2017-11-21	8
9	2017-11-21	9
10	2017-11-20	13
11	2017-11-20	14
12	2017-11-20	15
13	2017-11-20	16
14	2017-11-20	17
15	2017-11-20	18
16	2017-11-20	19
17	2017-11-20	20
18	2017-11-20	22
19	2017-11-20	23
20	2017-11-20	21
21	2017-11-20	24
22	2017-11-20	25
23	2017-11-20	26
24	2017-11-20	27
25	2017-11-20	28
26	2017-11-20	29
27	2017-11-20	30
28	2017-11-20	31
29	2017-11-20	32
30	2017-11-20	33
31	2017-11-20	34
32	2017-11-20	35
33	2017-11-20	36
34	2017-11-20	37
35	2017-11-20	38
36	2017-11-24	1
37	2017-11-24	2
38	2017-11-24	3
39	2017-11-24	4
40	2017-11-24	5
41	2017-11-24	6
42	2017-11-24	7
43	2017-11-24	8
44	2017-11-24	9
45	2017-11-24	15
46	2017-11-24	16
47	2017-11-24	17
48	2017-11-24	18
49	2017-11-24	19
50	2017-11-24	20
51	2017-11-24	22
52	2017-11-24	23
53	2017-11-24	21
54	2017-11-24	24
55	2017-11-24	25
56	2017-11-24	27
57	2017-11-24	28
58	2017-11-24	29
59	2017-11-24	30
60	2017-11-24	31
61	2017-11-24	32
62	2017-11-24	33
63	2017-11-24	34
64	2017-11-24	35
65	2017-11-24	36
66	2017-11-24	37
67	2017-11-24	38
68	2017-11-29	1
69	2017-11-29	30
70	2017-11-30	1
71	2017-11-30	2
72	2017-11-30	29
73	2017-11-30	30
74	2017-11-30	34
75	2017-11-30	37
76	2017-11-30	38
77	2017-12-01	10
78	2017-12-01	3
79	2017-12-01	4
80	2017-12-01	22
81	2017-12-01	24
82	2017-12-01	29
83	2017-12-01	30
84	2017-12-01	33
85	2017-12-01	35
86	2017-12-01	38
87	2017-12-04	1
88	2017-12-04	11
89	2017-12-04	13
90	2017-12-04	20
91	2017-12-04	29
92	2017-12-04	34
93	2017-12-04	38
94	2017-12-05	3
95	2017-12-05	12
96	2017-12-05	17
97	2017-12-05	23
98	2017-12-05	29
99	2017-12-05	30
100	2017-12-05	31
101	2017-12-05	38
102	2017-12-06	5
103	2017-12-06	6
104	2017-12-06	7
105	2017-12-06	8
106	2017-12-06	9
107	2017-12-06	27
108	2017-12-06	28
109	2017-12-06	38
110	2017-12-07	11
111	2017-12-07	15
112	2017-12-07	16
113	2017-12-07	25
114	2017-12-07	26
115	2017-12-07	29
116	2017-12-07	34
117	2017-12-07	37
118	2017-12-07	38
119	2017-12-08	4
120	2017-12-08	7
121	2017-12-08	22
122	2017-12-08	24
123	2017-12-08	30
124	2017-12-08	33
125	2017-12-08	35
126	2017-12-08	38
127	2017-12-09	4
128	2017-12-09	7
129	2017-12-09	12
130	2017-12-09	22
131	2017-12-09	33
132	2017-12-09	35
133	2017-12-09	38
134	2017-12-11	14
135	2017-12-11	21
136	2017-12-11	29
137	2017-12-11	37
138	2017-12-11	38
139	2017-12-12	2
140	2017-12-12	11
141	2017-12-12	18
142	2017-12-12	23
143	2017-12-12	30
144	2017-12-12	32
145	2017-12-12	38
146	2017-12-13	5
147	2017-12-13	6
148	2017-12-13	7
149	2017-12-13	8
150	2017-12-13	9
151	2017-12-13	12
152	2017-12-13	27
153	2017-12-13	38
154	2017-12-13	28
155	2017-12-14	10
156	2017-12-14	15
157	2017-12-14	16
158	2017-12-14	1
159	2017-12-14	25
160	2017-12-14	26
161	2017-12-14	29
162	2017-12-14	38
163	2017-12-14	34
164	2017-12-15	4
165	2017-12-15	11
166	2017-12-15	22
167	2017-12-15	24
168	2017-12-15	30
169	2017-12-15	33
170	2017-12-15	35
171	2017-12-15	38
172	2017-12-18	34
173	2017-12-18	38
174	2017-12-18	1
175	2017-12-18	12
176	2017-12-18	13
177	2017-12-18	37
178	2017-12-18	20
179	2017-12-18	21
180	2017-12-19	29
181	2017-12-20	30
182	2017-12-21	3
183	2017-12-21	12
184	2017-12-21	15
185	2017-12-21	16
186	2017-12-21	25
187	2017-12-21	26
188	2017-12-21	29
189	2017-12-21	37
190	2017-12-21	38
191	2017-12-22	30
192	2017-12-22	33
193	2017-12-22	35
194	2017-12-22	38
195	2017-12-22	10
196	2017-12-22	22
197	2017-12-22	24
198	2017-12-22	2
199	2017-12-22	30
200	2017-12-26	2
201	2017-12-26	12
202	2017-12-26	14
203	2017-12-26	20
204	2017-12-26	21
205	2017-12-26	30
206	2017-12-26	34
207	2017-12-26	37
208	2017-12-27	5
209	2017-12-27	6
210	2017-12-27	7
211	2017-12-27	8
212	2017-12-27	9
213	2017-12-27	11
214	2017-12-27	27
215	2017-12-27	28
216	2017-12-27	38
217	2017-12-28	1
218	2017-12-28	12
219	2017-12-28	15
220	2017-12-28	16
221	2017-12-28	25
222	2017-12-28	30
223	2017-12-28	34
224	2017-12-28	38
225	2017-12-29	4
226	2017-12-29	11
227	2017-12-29	22
228	2017-12-29	24
229	2017-12-29	29
230	2017-12-29	33
231	2017-12-29	35
232	2017-12-29	38
233	2018-01-01	4
234	2018-01-01	23
235	2018-01-01	29
236	2018-01-01	38
237	2018-01-02	31
238	2018-01-02	17
239	2018-01-02	3
240	2018-01-02	10
241	2018-01-02	18
242	2018-01-02	19
243	2018-01-02	30
244	2018-01-02	32
245	2018-01-02	36
246	2018-01-02	38
247	2018-01-03	11
248	2018-01-03	5
249	2018-01-03	6
250	2018-01-03	7
251	2018-01-03	8
252	2018-01-03	9
253	2018-01-03	27
254	2018-01-03	28
255	2018-01-03	38
256	2018-01-04	25
257	2018-01-04	29
258	2018-01-04	34
259	2018-01-04	37
260	2018-01-04	38
261	2018-01-04	17
262	2018-01-04	16
263	2018-01-04	12
264	2018-01-04	2
265	2018-01-05	3
266	2018-01-05	22
267	2018-01-05	24
268	2018-01-05	30
269	2018-01-05	33
270	2018-01-05	35
271	2018-01-05	38
272	2018-01-08	2
273	2018-01-08	10
274	2018-01-08	13
275	2018-01-08	21
276	2018-01-08	29
277	2018-01-08	30
278	2018-01-08	34
279	2018-01-08	37
280	2018-01-08	38
281	2018-01-09	3
282	2018-01-09	11
283	2018-01-09	17
284	2018-01-09	19
285	2018-01-09	18
286	2018-01-09	23
287	2018-01-09	29
288	2018-01-09	31
289	2018-01-09	32
290	2018-01-09	38
291	2018-01-10	5
292	2018-01-10	6
293	2018-01-10	7
294	2018-01-10	8
295	2018-01-10	9
296	2018-01-10	12
297	2018-01-10	27
298	2018-01-10	28
299	2018-01-10	38
300	2018-01-11	1
301	2018-01-11	10
302	2018-01-11	15
303	2018-01-11	16
304	2018-01-11	25
305	2018-01-11	30
306	2018-01-11	34
307	2018-01-11	37
308	2018-01-11	38
309	2018-01-12	4
310	2018-01-12	11
311	2018-01-12	22
312	2018-01-12	24
313	2018-01-12	29
314	2018-01-12	33
315	2018-01-12	35
316	2018-01-12	38
317	2018-01-12	10
318	2018-01-15	2
319	2018-01-15	12
320	2018-01-15	13
321	2018-01-15	14
322	2018-01-15	20
323	2018-01-15	30
324	2018-01-15	34
325	2018-01-15	37
326	2018-01-15	38
327	2018-01-16	3
328	2018-01-16	10
329	2018-01-16	17
330	2018-01-16	18
331	2018-01-16	19
332	2018-01-16	23
333	2018-01-16	29
334	2018-01-16	31
335	2018-01-16	32
336	2018-01-16	36
337	2018-01-16	38
338	2018-01-17	5
339	2018-01-17	6
340	2018-01-17	7
341	2018-01-17	8
342	2018-01-17	9
343	2018-01-17	11
344	2018-01-17	27
345	2018-01-17	38
346	2018-01-18	1
347	2018-01-18	10
348	2018-01-18	15
349	2018-01-18	25
350	2018-01-18	29
351	2018-01-18	30
352	2018-01-18	34
353	2018-01-18	37
354	2018-01-18	38
355	2018-01-19	4
356	2018-01-19	11
357	2018-01-19	24
358	2018-01-19	30
359	2018-01-19	33
360	2018-01-19	38
361	2018-01-22	1
362	2018-01-22	10
363	2018-01-22	14
364	2018-01-22	29
365	2018-01-22	37
366	2018-01-22	38
367	2018-01-22	20
368	2018-01-23	4
369	2018-01-23	11
370	2018-01-23	17
371	2018-01-23	23
372	2018-01-23	30
373	2018-01-23	31
374	2018-01-23	38
375	2018-01-24	5
376	2018-01-24	12
377	2018-01-24	28
378	2018-01-24	38
379	2018-01-24	39
380	2018-01-24	41
381	2018-01-25	2
382	2018-01-25	10
383	2018-01-25	16
384	2018-01-25	29
385	2018-01-25	34
386	2018-01-25	38
387	2018-01-26	3
388	2018-01-26	11
389	2018-01-26	24
390	2018-01-26	30
391	2018-01-26	35
392	2018-01-26	38
393	2018-01-29	1
394	2018-01-29	12
395	2018-01-29	13
396	2018-01-29	21
397	2018-01-29	29
398	2018-01-29	37
399	2018-01-29	38
400	2018-01-30	4
401	2018-01-30	10
402	2018-01-30	18
403	2018-01-30	23
404	2018-01-30	30
405	2018-01-30	32
406	2018-01-31	11
407	2018-01-31	39
408	2018-01-31	6
409	2018-01-31	27
410	2018-01-31	38
411	2018-01-31	42
412	2017-02-01	2
413	2017-02-01	12
414	2017-02-01	26
415	2017-02-01	30
416	2017-02-01	37
417	2017-02-01	38
418	2018-02-02	4
419	2018-02-02	10
420	2018-02-02	22
421	2018-02-02	29
422	2018-02-02	33
423	2018-02-02	38
424	2018-02-05	1
425	2018-02-05	11
426	2018-02-05	14
427	2018-02-05	20
428	2018-02-05	30
429	2018-02-05	34
430	2018-02-05	38
431	2018-02-06	3
432	2018-02-06	12
433	2018-02-06	18
434	2018-02-06	23
435	2018-02-06	29
436	2018-02-06	36
437	2018-02-06	38
438	2018-02-07	7
439	2018-02-07	10
440	2018-02-07	28
441	2018-02-07	38
442	2018-02-09	4
443	2018-02-09	10
444	2018-02-09	22
445	2018-02-09	29
446	2018-02-09	33
447	2018-02-09	38
448	2018-02-12	2
449	2018-02-12	12
450	2018-02-12	13
451	2018-02-12	21
452	2018-02-12	30
453	2018-02-12	37
454	2018-02-12	38
455	2018-02-13	3
456	2018-02-13	10
457	2018-02-13	19
458	2018-02-13	23
459	2018-02-13	30
460	2018-02-13	31
461	2018-02-13	38
462	2018-02-14	8
463	2018-02-14	11
464	2018-02-14	15
465	2018-02-14	27
466	2018-02-14	38
467	2018-02-14	39
468	2018-02-14	43
469	2018-02-15	1
470	2018-02-15	11
471	2018-02-15	15
472	2018-02-15	25
473	2018-02-15	29
474	2018-02-15	37
475	2018-02-15	38
476	2018-02-16	3
477	2018-02-16	12
478	2018-02-16	22
479	2018-02-16	30
480	2018-02-16	33
481	2018-02-16	38
482	2018-02-19	1
483	2018-02-19	10
484	2018-02-19	14
485	2018-02-19	20
486	2018-02-19	29
487	2018-02-19	37
488	2018-02-19	38
489	2018-02-20	4
490	2018-02-20	11
491	2018-02-20	19
492	2018-02-20	23
493	2018-02-20	30
494	2018-02-20	32
495	2018-02-20	38
496	2018-02-21	9
497	2018-02-21	28
498	2018-02-21	38
499	2018-02-21	39
500	2018-02-21	41
501	2018-02-21	12
502	2018-02-22	2
503	2018-02-22	10
504	2018-02-22	16
505	2018-02-22	26
506	2018-02-22	30
507	2018-02-22	37
508	2018-02-22	38
509	2018-02-23	4
510	2018-02-23	11
511	2018-02-23	24
512	2018-02-23	29
513	2018-02-23	35
514	2018-02-26	1
515	2018-02-26	12
516	2018-02-26	10
517	2018-02-26	21
518	2018-02-26	30
519	2018-02-26	34
520	2018-02-26	38
521	2018-02-27	3
522	2018-02-27	10
523	2018-02-27	17
524	2018-02-27	23
525	2018-02-27	29
526	2018-02-27	36
527	2018-02-27	38
528	2018-02-27	5
529	2018-02-28	11
530	2018-02-28	27
531	2018-02-28	38
532	2018-02-28	39
533	2018-02-28	42
534	2018-03-01	2
535	2018-03-01	12
536	2018-03-01	15
537	2018-03-01	25
538	2018-03-01	30
539	2018-03-01	37
540	2018-03-01	38
541	2018-03-02	4
542	2018-03-02	10
543	2018-03-02	22
544	2018-03-02	22
545	2018-03-02	29
546	2018-03-02	33
547	2018-03-02	38
548	2018-03-05	1
549	2018-03-05	11
550	2018-03-05	13
551	2018-03-05	20
552	2018-03-05	30
553	2018-03-05	34
554	2018-03-05	38
555	2018-03-06	3
556	2018-03-06	12
557	2018-03-06	18
558	2018-03-06	23
559	2018-03-06	29
560	2018-03-06	31
561	2018-03-06	38
562	2018-03-07	6
563	2018-03-07	10
564	2018-03-07	28
565	2018-03-07	38
566	2018-03-08	2
567	2018-03-08	11
568	2018-03-08	16
569	2018-03-08	26
570	2018-03-08	30
571	2018-03-08	37
572	2018-03-08	38
573	2018-03-09	3
574	2018-03-09	12
575	2018-03-09	24
576	2018-03-09	29
577	2018-03-09	35
578	2018-03-09	38
579	2018-03-10	12
580	2018-03-10	23
581	2018-03-12	1
582	2018-03-12	10
583	2018-03-12	14
584	2018-03-12	21
585	2018-03-12	30
586	2018-03-12	33
587	2018-03-12	38
588	2018-03-13	4
589	2018-03-13	11
590	2018-03-13	23
591	2018-03-13	19
592	2018-03-13	29
593	2018-03-13	31
594	2018-03-13	38
595	2018-03-14	7
596	2018-03-14	12
597	2018-03-14	27
598	2018-03-14	38
599	2018-03-14	39
600	2018-03-15	2
601	2018-03-15	10
602	2018-03-15	15
603	2018-03-15	25
604	2018-03-15	30
605	2018-03-15	37
606	2018-03-15	38
607	2018-03-16	12
608	2018-03-16	11
609	2018-03-16	22
610	2018-03-16	29
611	2018-03-16	33
612	2018-03-16	38
613	2018-03-19	2
614	2018-03-19	11
615	2018-03-19	13
616	2018-03-19	20
617	2018-03-19	30
618	2018-03-19	37
619	2018-03-19	38
620	2018-03-20	4
621	2018-03-20	12
622	2018-03-20	17
623	2018-03-20	23
624	2018-03-20	29
625	2018-03-20	32
626	2018-03-20	38
627	2017-03-21	8
628	2017-03-21	10
629	2017-03-21	28
630	2017-03-21	38
631	2018-03-22	1
632	2018-03-22	11
633	2018-03-22	16
634	2018-03-22	22
635	2018-03-22	26
636	2018-03-22	30
637	2018-03-22	34
638	2018-03-22	38
639	2018-03-23	4
640	2018-03-23	12
641	2018-03-23	24
642	2018-03-23	29
643	2018-03-23	35
644	2018-03-23	38
645	2018-03-26	2
646	2018-03-26	10
647	2018-03-26	14
648	2018-03-26	21
649	2018-03-26	29
650	2018-03-26	34
651	2018-03-26	38
652	2018-03-27	3
653	2018-03-27	11
654	2018-03-27	18
655	2018-03-27	23
656	2018-03-27	30
657	2018-03-27	36
658	2018-03-27	38
659	2018-03-28	4
660	2018-03-28	27
661	2018-03-28	29
662	2018-03-28	38
663	2018-03-29	1
664	2018-03-29	12
665	2018-03-29	15
666	2018-03-29	25
667	2018-03-29	29
668	2018-03-29	37
669	2018-03-29	38
670	2018-03-30	4
671	2018-03-30	10
672	2018-03-30	24
673	2018-03-30	30
674	2018-03-30	33
675	2018-03-30	38
682	2018-04-03	4
683	2018-04-03	11
684	2018-04-03	19
685	2018-04-03	23
686	2018-04-03	29
687	2018-04-03	31
688	2018-04-03	38
689	2018-04-04	9
690	2018-04-04	3
691	2018-04-04	28
692	2018-04-04	43
693	2018-04-04	38
694	2018-04-05	1
695	2018-04-05	10
696	2018-04-05	16
697	2018-04-05	26
698	2018-04-05	34
699	2018-04-05	38
700	2018-04-06	4
701	2018-04-06	11
702	2018-04-06	22
703	2018-04-06	29
704	2018-04-06	35
705	2018-04-06	38
706	2018-04-09	1
707	2018-04-09	12
708	2018-04-09	13
709	2018-04-09	30
710	2018-04-09	34
711	2018-04-09	20
712	2018-04-09	38
713	2018-04-10	3
714	2018-04-10	10
715	2018-04-10	23
716	2018-04-10	29
717	2018-04-10	32
718	2018-04-10	38
719	2018-04-11	5
720	2018-04-11	11
721	2018-04-11	27
722	2018-04-11	38
723	2018-04-11	39
725	2018-04-11	41
726	2018-04-12	2
727	2018-04-12	12
728	2018-04-12	15
729	2018-04-12	25
730	2018-04-12	30
731	2018-04-12	37
732	2018-04-12	38
733	2018-04-13	3
734	2018-04-13	10
735	2018-04-13	24
736	2018-04-13	29
737	2018-04-13	33
738	2018-04-13	38
739	2018-04-16	2
740	2018-04-16	11
741	2018-04-16	14
742	2018-04-16	30
743	2018-04-16	34
744	2018-04-16	38
745	2018-04-17	4
746	2018-04-17	12
747	2018-04-17	18
748	2018-04-17	23
749	2018-04-17	29
750	2018-04-17	36
751	2018-04-17	38
752	2018-04-18	6
753	2018-04-18	10
754	2018-04-18	28
755	2018-04-18	38
756	2018-04-18	42
757	2018-04-19	1
758	2018-04-19	11
759	2018-04-19	16
760	2018-04-19	26
761	2018-04-19	30
762	2018-04-19	37
763	2018-04-20	3
764	2018-04-20	12
765	2018-04-20	22
766	2018-04-20	29
767	2018-04-20	35
768	2018-04-20	38
769	2018-04-23	2
770	2018-04-23	10
771	2018-04-23	13
772	2018-04-23	30
773	2018-04-23	34
774	2018-04-23	38
775	2018-04-24	4
776	2018-04-24	11
777	2018-04-24	19
778	2018-04-24	23
779	2018-04-24	29
780	2018-04-24	36
781	2018-04-25	38
784	2018-05-12	1
785	2018-05-12	10
786	2018-05-12	35
787	2018-05-12	21
788	2018-05-12	30
789	2018-05-12	13
790	2018-05-12	30
791	2018-05-12	13
792	2018-05-12	30
793	2018-05-12	13
794	2018-05-12	30
795	2018-05-12	13
796	2018-05-12	30
797	2018-05-12	13
798	2018-05-12	30
799	2018-05-12	13
800	2018-05-12	30
801	2018-05-12	13
802	2018-05-11	10
803	2018-05-11	37
804	2018-05-11	30
805	2018-05-11	10
806	2018-05-11	37
807	2018-05-11	30
808	2018-05-11	10
809	2018-05-11	37
810	2018-05-11	30
811	2018-05-03	10
812	2018-05-03	4
813	2018-05-03	10
814	2018-05-03	4
815	2018-05-04	10
816	2018-05-04	4
817	2018-05-04	22
818	2018-04-18	10
819	2018-06-26	10
820	2018-06-26	12
821	2018-06-26	11
822	2018-06-26	1
823	2018-06-12	10
824	2018-06-12	3
825	2018-06-12	32
826	2018-06-12	17
827	2018-06-12	38
828	2018-05-23	10
829	2018-05-23	3
830	2018-05-23	32
831	2018-05-23	17
832	2018-05-23	38
833	2018-05-23	10
834	2018-05-23	3
835	2018-05-23	32
836	2018-05-23	17
837	2018-05-23	38
838	2018-05-23	10
839	2018-05-23	3
840	2018-05-23	32
841	2018-05-23	17
842	2018-05-23	38
\.


--
-- Name: prelevements_id_seq; Type: SEQUENCE SET; Schema: public; Owner: thomas
--

SELECT pg_catalog.setval('public.prelevements_id_seq', 842, true);


--
-- Data for Name: resultats; Type: TABLE DATA; Schema: public; Owner: thomas
--

COPY public.resultats (id, id_prelev, date_res, ufc, germe, type_rendu) FROM stdin;
2654	644	2018-04-02	0	NA	téléphoné
2655	645	2018-04-05	0	NA	téléphoné
2656	646	2018-04-05	0	NA	téléphoné
2657	647	2018-04-05	0	NA	téléphoné
2658	648	2018-04-05	0	NA	téléphoné
2659	649	2018-04-05	0	NA	téléphoné
2660	650	2018-04-05	0	NA	téléphoné
2662	652	2018-04-06	0	NA	téléphoné
2663	653	2018-04-06	0	NA	téléphoné
2664	654	2018-04-06	0	NA	téléphoné
2665	655	2018-04-06	0	NA	téléphoné
2666	656	2018-04-06	0	NA	téléphoné
2667	657	2018-04-06	0	NA	téléphoné
2668	658	2018-04-06	0	NA	téléphoné
2669	659	2018-04-07	0	NA	téléphoné
2670	660	2018-04-07	0	NA	téléphoné
2671	661	2018-04-07	0	NA	téléphoné
2672	662	2018-04-07	0	NA	téléphoné
2673	663	2018-04-08	0	NA	téléphoné
2675	665	2018-04-08	0	NA	téléphoné
2676	666	2018-04-08	0	NA	téléphoné
2677	667	2018-04-08	0	NA	téléphoné
2678	668	2018-04-08	0	NA	téléphoné
2679	669	2018-04-08	0	NA	téléphoné
2680	670	2018-04-09	0	NA	téléphoné
2681	671	2018-04-09	0	NA	téléphoné
2682	672	2018-04-09	0	NA	téléphoné
2683	673	2018-04-09	0	NA	téléphoné
2684	674	2018-04-09	0	NA	téléphoné
2685	675	2018-04-09	0	NA	téléphoné
2686	682	2018-04-13	0	NA	téléphoné
2687	683	2018-04-13	0	NA	téléphoné
2688	684	2018-04-13	0	NA	téléphoné
2689	685	2018-04-13	0	NA	téléphoné
2690	686	2018-04-13	0	NA	téléphoné
2691	687	2018-04-13	0	NA	téléphoné
2692	688	2018-04-13	0	NA	téléphoné
2693	689	2018-04-14	1		téléphoné
2694	690	2018-04-14	0	NA	téléphoné
2695	691	2018-04-14	0	NA	téléphoné
2696	692	2018-04-14	0	NA	téléphoné
2697	693	2018-04-14	0	NA	téléphoné
2698	694	2018-04-15	0	NA	téléphoné
2699	695	2018-04-15	0	NA	téléphoné
2700	696	2018-04-15	0	NA	téléphoné
2701	697	2018-04-15	0	NA	téléphoné
2702	698	2018-04-15	0	NA	téléphoné
2703	699	2018-04-15	0	NA	téléphoné
2704	720	2018-04-21	1		téléphoné
2661	651	2018-04-05	1	Staph warneri	signé
2674	664	2018-04-08	1	Staph warneri	signé
2705	721	2018-04-21	1	Staph horminis	signé
2706	725	2018-04-21	9	Micrococcus luteus, Kocuria rhizophila	signé
2114	104	2017-12-16	20	micrococus luteus, stap saprophyticus, capitis et lysinibacillus	signé
2183	173	2017-12-28	4	Staphylococcus capitis	signé
2247	237	2018-01-12	11	staph warneri	signé
2248	238	2018-01-12	3	Staphylococcus haemolyticus 	signé
2261	251	2018-01-13	1	Flore polymicrobienne	signé
2262	252	2018-01-13	1	Staphylococcus capitis	signé
2264	254	2018-01-13	1	Candida albicans	signé
2306	296	2018-01-20	4	staph coag neg	signé
2337	327	2018-01-26	1	micrococus luteus	signé
2348	338	2018-01-27	1	Paracoccus yeei	signé
2389	379	2018-02-03	14	(a?robies m?sophiles)	signé
2390	380	2018-02-03	7	Staph sp	signé
2391	381	2018-02-04	53	Staph epidermidis + capitis	signé
2417	407	2018-02-10	1	Bact?ries m?sophiles	signé
2421	411	2018-02-10	3	Stp saprophyticus	signé
2431	421	2018-02-12	7	Staph aureus, Micrococcus, Paracoccus	signé
2468	458	2018-02-23	1	BG+ corynebacterie	signé
2470	460	2018-02-23	1	Micrococus luteus	signé
2476	466	2018-02-24	1	Staph epidermidis KOCURIA	signé
2477	467	2018-02-24	10	Micrococus luteus, Stap simulans, Staph hominis	signé
2478	468	2018-02-24	6	Staph sp	signé
2487	477	2018-02-26	1	Staph capitis	signé
2754	732	2018-04-26	0		signé
2755	731	2018-04-26	0		signé
2756	730	2018-04-26	0		signé
2757	729	2018-04-26	0		signé
2758	728	2018-04-26	0		signé
2759	727	2018-04-26	0		signé
2760	726	2018-04-26	0		signé
2792	768	2018-04-27	0		signé
2793	767	2018-04-27	0		signé
2794	766	2018-04-27	0		signé
2795	765	2018-04-27	0		signé
2796	764	2018-04-27	0		signé
2797	763	2018-04-27	0		signé
2829	810	2018-05-25	0		signé
2830	809	2018-05-25	0		signé
2831	808	2018-05-25	0		signé
2832	807	2018-05-25	0		signé
2833	806	2018-05-25	0		signé
2834	805	2018-05-25	0		signé
2835	804	2018-05-25	0		signé
2836	803	2018-05-25	0		signé
2837	802	2018-05-25	0		signé
2707	718	2018-04-24	2	staph aureus	signé
2726	822	2018-06-27	0		signé
2727	821	2018-06-27	1	staph epidermidis	signé
2728	827	2018-06-28	0		signé
2729	826	2018-06-28	0		signé
2730	825	2018-06-28	0		signé
2731	824	2018-06-28	0		signé
2732	823	2018-06-28	1	SCN	signé
2733	705	2018-04-20	0		signé
2734	704	2018-04-20	0		signé
2735	703	2018-04-20	0		signé
2736	702	2018-04-20	0		signé
2737	701	2018-04-20	0		signé
2738	700	2018-04-20	0		signé
2761	738	2018-04-27	10	staph aureus	signé
2762	737	2018-04-27	0		signé
2763	736	2018-04-27	0		signé
2764	735	2018-04-27	0		signé
2765	734	2018-04-27	0		signé
2766	733	2018-04-27	0		signé
2798	774	2018-04-30	0		signé
2799	773	2018-04-30	0		signé
2800	772	2018-04-30	0		signé
2801	771	2018-04-30	0		signé
2802	770	2018-04-30	0		signé
2803	769	2018-04-30	0		signé
2838	814	2018-05-17	0		signé
2839	813	2018-05-17	0		signé
2840	812	2018-05-17	0		signé
2841	811	2018-05-17	0		signé
2708	718	2018-06-19	1	staph aureus	signé
2709	717	2018-06-19	2		signé
2710	716	2018-06-19	3		signé
2711	715	2018-06-19	4		signé
2712	714	2018-06-19	5		signé
2739	712	2018-04-23	0		signé
2740	711	2018-04-23	0		signé
2741	710	2018-04-23	0		signé
2742	709	2018-04-23	0		signé
2743	708	2018-04-23	0		signé
2744	707	2018-04-23	0		signé
2745	706	2018-04-23	0		signé
2767	744	2018-04-30	0		signé
2768	743	2018-04-30	0		signé
2769	742	2018-04-30	0		signé
2770	741	2018-04-30	0		signé
2771	740	2018-04-30	0		signé
2772	739	2018-04-30	0		signé
2804	780	2018-05-01	0		signé
2805	779	2018-05-01	0		signé
2806	778	2018-05-01	0		signé
2807	777	2018-05-01	0		signé
2808	776	2018-05-01	0		signé
2809	775	2018-05-01	0		signé
2842	817	2018-05-18	0		signé
2843	816	2018-05-18	0		signé
2844	815	2018-05-18	0		signé
2713	718	2018-06-19	1	staph aureus	signé
2714	717	2018-06-19	2		signé
2715	716	2018-06-19	3		signé
2716	715	2018-06-19	4		signé
2717	714	2018-06-19	5		signé
2746	713	2018-04-17	0		téléphoné
2773	751	2018-04-24	0		signé
2774	750	2018-04-24	0		signé
2775	749	2018-04-24	0		signé
2776	748	2018-04-24	0		signé
2777	747	2018-04-24	0		signé
2778	746	2018-04-24	0		signé
2779	745	2018-04-24	0		signé
2810	781	2018-05-02	0		signé
2845	822	2018-07-03	0		signé
2846	821	2018-07-03	0		signé
2847	820	2018-07-03	0		signé
2848	819	2018-07-03	0		signé
2641	631	2018-04-01	0	NA	téléphoné
2642	632	2018-04-01	0	NA	téléphoné
2643	633	2018-04-01	0	NA	téléphoné
2644	634	2018-04-01	0	NA	téléphoné
2645	635	2018-04-01	0	NA	téléphoné
2646	636	2018-04-01	0	NA	téléphoné
2647	637	2018-04-01	0	NA	téléphoné
2648	638	2018-04-01	0	NA	téléphoné
2649	639	2018-04-02	0	NA	téléphoné
2650	640	2018-04-02	0	NA	téléphoné
2651	641	2018-04-02	0	NA	téléphoné
2652	642	2018-04-02	0	NA	téléphoné
2653	643	2018-04-02	0	NA	téléphoné
2011	1	2017-12-01	2	micrococus luteus	signé
2057	47	2017-12-04	1	micrococus luteus	signé
2012	2	2017-12-01	0	NA	signé
2013	3	2017-12-01	0	NA	signé
2014	4	2017-12-01	0	NA	signé
2015	5	2017-12-01	0	NA	signé
2016	6	2017-12-01	0	NA	signé
2017	7	2017-12-01	0	NA	signé
2018	8	2017-12-01	0	NA	signé
2019	9	2017-12-01	0	NA	signé
2020	10	2017-11-30	0	NA	signé
2021	11	2017-11-30	0	NA	signé
2022	12	2017-11-30	0	NA	signé
2023	13	2017-11-30	0	NA	signé
2024	14	2017-11-30	0	NA	signé
2025	15	2017-11-30	0	NA	signé
2026	16	2017-11-30	0	NA	signé
2027	17	2017-11-30	0	NA	signé
2028	18	2017-11-30	0	NA	signé
2029	19	2017-11-30	0	NA	signé
2030	20	2017-11-30	0	NA	signé
2031	21	2017-11-30	0	NA	signé
2032	22	2017-11-30	0	NA	signé
2033	23	2017-11-30	0	NA	signé
2034	24	2017-11-30	0	NA	signé
2035	25	2017-11-30	0	NA	signé
2036	26	2017-11-30	0	NA	signé
2037	27	2017-11-30	0	NA	signé
2038	28	2017-11-30	0	NA	signé
2039	29	2017-11-30	0	NA	signé
2040	30	2017-11-30	0	NA	signé
2041	31	2017-11-30	0	NA	signé
2042	32	2017-11-30	0	NA	signé
2043	33	2017-11-30	0	NA	signé
2044	34	2017-11-30	0	NA	signé
2045	35	2017-11-30	0	NA	signé
2046	36	2017-12-04	0	NA	signé
2047	37	2017-12-04	0	NA	signé
2048	38	2017-12-04	0	NA	signé
2049	39	2017-12-04	0	NA	signé
2050	40	2017-12-04	0	NA	signé
2051	41	2017-12-04	0	NA	signé
2052	42	2017-12-04	0	NA	signé
2053	43	2017-12-04	0	NA	signé
2054	44	2017-12-04	0	NA	signé
2055	45	2017-12-04	0	NA	signé
2056	46	2017-12-04	0	NA	signé
2058	48	2017-12-04	0	NA	signé
2059	49	2017-12-04	0	NA	signé
2060	50	2017-12-04	0	NA	signé
2061	51	2017-12-04	0	NA	signé
2062	52	2017-12-04	0	NA	signé
2063	53	2017-12-04	0	NA	signé
2064	54	2017-12-04	0	NA	signé
2065	55	2017-12-04	0	NA	signé
2066	56	2017-12-04	0	NA	signé
2067	57	2017-12-04	0	NA	signé
2068	58	2017-12-04	0	NA	signé
2069	59	2017-12-04	0	NA	signé
2070	60	2017-12-04	0	NA	signé
2071	61	2017-12-04	0	NA	signé
2072	62	2017-12-04	0	NA	signé
2073	63	2017-12-04	0	NA	signé
2074	64	2017-12-04	0	NA	signé
2075	65	2017-12-04	0	NA	signé
2076	66	2017-12-04	0	NA	signé
2077	67	2017-12-04	0	NA	signé
2078	68	2017-12-09	0	NA	signé
2718	718	2018-06-19	1	staph aureus	signé
2719	717	2018-06-19	2		signé
2720	716	2018-06-19	3		signé
2721	715	2018-06-19	4		signé
2722	714	2018-06-19	5		signé
2747	705	2018-04-20	0		signé
2748	704	2018-04-20	0		signé
2749	703	2018-04-20	0		signé
2750	702	2018-04-20	0		signé
2751	701	2018-04-20	0		signé
2752	700	2018-04-20	1	staph epidermidis	signé
2780	818	2018-05-02	1		signé
2781	756	2018-05-02	25		signé
2782	755	2018-05-02	0		signé
2783	754	2018-05-02	0		signé
2784	753	2018-05-02	0		signé
2785	752	2018-05-02	0		signé
2811	801	2018-05-26	0		signé
2812	800	2018-05-26	0		signé
2813	799	2018-05-26	0		signé
2814	798	2018-05-26	0		signé
2815	797	2018-05-26	0		signé
2816	796	2018-05-26	0		signé
2817	795	2018-05-26	0		signé
2818	794	2018-05-26	0		signé
2819	793	2018-05-26	0		signé
2820	792	2018-05-26	0		signé
2821	791	2018-05-26	0		signé
2822	790	2018-05-26	0		signé
2823	789	2018-05-26	0		signé
2824	788	2018-05-26	0		signé
2825	787	2018-05-26	0		signé
2826	786	2018-05-26	0		signé
2827	785	2018-05-26	0		signé
2828	784	2018-05-26	0		signé
2079	69	2017-12-09	0	NA	signé
2080	70	2017-12-10	0	NA	signé
2081	71	2017-12-10	0	NA	signé
2082	72	2017-12-10	0	NA	signé
2083	73	2017-12-10	0	NA	signé
2084	74	2017-12-10	0	NA	signé
2085	75	2017-12-10	0	NA	signé
2086	76	2017-12-10	0	NA	signé
2087	77	2017-12-11	0	NA	signé
2088	78	2017-12-11	0	NA	signé
2089	79	2017-12-11	0	NA	signé
2090	80	2017-12-11	0	NA	signé
2091	81	2017-12-11	0	NA	signé
2092	82	2017-12-11	0	NA	signé
2093	83	2017-12-11	0	NA	signé
2094	84	2017-12-11	0	NA	signé
2095	85	2017-12-11	0	NA	signé
2096	86	2017-12-11	0	NA	signé
2097	87	2017-12-14	0	NA	signé
2098	88	2017-12-14	0	NA	signé
2099	89	2017-12-14	0	NA	signé
2100	90	2017-12-14	0	NA	signé
2101	91	2017-12-14	0	NA	signé
2102	92	2017-12-14	0	NA	signé
2103	93	2017-12-14	0	NA	signé
2104	94	2017-12-15	0	NA	signé
2105	95	2017-12-15	0	NA	signé
2106	96	2017-12-15	0	NA	signé
2107	97	2017-12-15	0	NA	signé
2108	98	2017-12-15	0	NA	signé
2109	99	2017-12-15	0	NA	signé
2110	100	2017-12-15	0	NA	signé
2111	101	2017-12-15	0	NA	signé
2112	102	2017-12-16	0	NA	signé
2113	103	2017-12-16	0	NA	signé
2115	105	2017-12-16	0	NA	signé
2116	106	2017-12-16	0	NA	signé
2117	107	2017-12-16	0	NA	signé
2118	108	2017-12-16	0	NA	signé
2119	109	2017-12-16	0	NA	signé
2120	110	2017-12-17	0	NA	signé
2121	111	2017-12-17	0	NA	signé
2122	112	2017-12-17	0	NA	signé
2123	113	2017-12-17	0	NA	signé
2124	114	2017-12-17	0	NA	signé
2125	115	2017-12-17	0	NA	signé
2126	116	2017-12-17	0	NA	signé
2127	117	2017-12-17	0	NA	signé
2128	118	2017-12-17	0	NA	signé
2129	119	2017-12-18	0	NA	signé
2130	120	2017-12-18	0	NA	signé
2131	121	2017-12-18	0	NA	signé
2132	122	2017-12-18	0	NA	signé
2133	123	2017-12-18	0	NA	signé
2134	124	2017-12-18	0	NA	signé
2135	125	2017-12-18	0	NA	signé
2136	126	2017-12-18	0	NA	signé
2137	127	2017-12-19	0	NA	signé
2138	128	2017-12-19	0	NA	signé
2139	129	2017-12-19	0	NA	signé
2140	130	2017-12-19	0	NA	signé
2141	131	2017-12-19	0	NA	signé
2142	132	2017-12-19	0	NA	signé
2143	133	2017-12-19	0	NA	signé
2144	134	2017-12-21	0	NA	signé
2145	135	2017-12-21	0	NA	signé
2146	136	2017-12-21	0	NA	signé
2147	137	2017-12-21	0	NA	signé
2148	138	2017-12-21	0	NA	signé
2149	139	2017-12-22	0	NA	signé
2150	140	2017-12-22	0	NA	signé
2151	141	2017-12-22	0	NA	signé
2152	142	2017-12-22	0	NA	signé
2153	143	2017-12-22	0	NA	signé
2154	144	2017-12-22	0	NA	signé
2155	145	2017-12-22	0	NA	signé
2156	146	2017-12-23	0	NA	signé
2157	147	2017-12-23	0	NA	signé
2158	148	2017-12-23	0	NA	signé
2159	149	2017-12-23	0	NA	signé
2160	150	2017-12-23	0	NA	signé
2161	151	2017-12-23	0	NA	signé
2162	152	2017-12-23	0	NA	signé
2163	153	2017-12-23	0	NA	signé
2164	154	2017-12-23	0	NA	signé
2165	155	2017-12-24	0	NA	signé
2166	156	2017-12-24	0	NA	signé
2167	157	2017-12-24	0	NA	signé
2168	158	2017-12-24	0	NA	signé
2169	159	2017-12-24	0	NA	signé
2170	160	2017-12-24	0	NA	signé
2171	161	2017-12-24	0	NA	signé
2172	162	2017-12-24	0	NA	signé
2173	163	2017-12-24	0	NA	signé
2174	164	2017-12-25	0	NA	signé
2175	165	2017-12-25	0	NA	signé
2176	166	2017-12-25	0	NA	signé
2177	167	2017-12-25	0	NA	signé
2178	168	2017-12-25	0	NA	signé
2179	169	2017-12-25	0	NA	signé
2180	170	2017-12-25	0	NA	signé
2181	171	2017-12-25	0	NA	signé
2182	172	2017-12-28	0	NA	signé
2184	174	2017-12-28	0	NA	signé
2185	175	2017-12-28	0	NA	signé
2186	176	2017-12-28	0	NA	signé
2187	177	2017-12-28	0	NA	signé
2188	178	2017-12-28	0	NA	signé
2189	179	2017-12-28	0	NA	signé
2190	180	2017-12-29	0	NA	signé
2191	181	2017-12-30	0	NA	signé
2192	182	2017-12-31	0	NA	signé
2193	183	2017-12-31	0	NA	signé
2194	184	2017-12-31	0	NA	signé
2195	185	2017-12-31	0	NA	signé
2196	186	2017-12-31	0	NA	signé
2197	187	2017-12-31	0	NA	signé
2198	188	2017-12-31	0	NA	signé
2199	189	2017-12-31	0	NA	signé
2200	190	2017-12-31	0	NA	signé
2201	191	2018-01-01	0	NA	signé
2202	192	2018-01-01	0	NA	signé
2203	193	2018-01-01	0	NA	signé
2204	194	2018-01-01	0	NA	signé
2205	195	2018-01-01	0	NA	signé
2206	196	2018-01-01	0	NA	signé
2207	197	2018-01-01	0	NA	signé
2208	198	2018-01-01	0	NA	signé
2209	199	2018-01-01	0	NA	signé
2210	200	2018-01-05	0	NA	signé
2211	201	2018-01-05	0	NA	signé
2212	202	2018-01-05	0	NA	signé
2213	203	2018-01-05	0	NA	signé
2214	204	2018-01-05	0	NA	signé
2215	205	2018-01-05	0	NA	signé
2216	206	2018-01-05	0	NA	signé
2217	207	2018-01-05	0	NA	signé
2218	208	2018-01-06	0	NA	signé
2219	209	2018-01-06	0	NA	signé
2220	210	2018-01-06	0	NA	signé
2221	211	2018-01-06	0	NA	signé
2222	212	2018-01-06	0	NA	signé
2223	213	2018-01-06	0	NA	signé
2224	214	2018-01-06	0	NA	signé
2225	215	2018-01-06	0	NA	signé
2226	216	2018-01-06	0	NA	signé
2227	217	2018-01-07	0	NA	signé
2228	218	2018-01-07	0	NA	signé
2229	219	2018-01-07	0	NA	signé
2230	220	2018-01-07	0	NA	signé
2231	221	2018-01-07	0	NA	signé
2232	222	2018-01-07	0	NA	signé
2233	223	2018-01-07	0	NA	signé
2234	224	2018-01-07	0	NA	signé
2235	225	2018-01-08	0	NA	signé
2236	226	2018-01-08	0	NA	signé
2237	227	2018-01-08	0	NA	signé
2238	228	2018-01-08	0	NA	signé
2239	229	2018-01-08	0	NA	signé
2240	230	2018-01-08	0	NA	signé
2241	231	2018-01-08	0	NA	signé
2242	232	2018-01-08	0	NA	signé
2243	233	2018-01-11	0	NA	signé
2244	234	2018-01-11	0	NA	signé
2245	235	2018-01-11	0	NA	signé
2246	236	2018-01-11	0	NA	signé
2249	239	2018-01-12	0	NA	signé
2250	240	2018-01-12	0	NA	signé
2251	241	2018-01-12	0	NA	signé
2252	242	2018-01-12	0	NA	signé
2253	243	2018-01-12	0	NA	signé
2254	244	2018-01-12	0	NA	signé
2255	245	2018-01-12	0	NA	signé
2256	246	2018-01-12	0	NA	signé
2257	247	2018-01-13	0	NA	signé
2258	248	2018-01-13	0	NA	signé
2259	249	2018-01-13	0	NA	signé
2260	250	2018-01-13	0	NA	signé
2263	253	2018-01-13	0	NA	signé
2265	255	2018-01-13	0	NA	signé
2266	256	2018-01-14	0	NA	signé
2267	257	2018-01-14	0	NA	signé
2268	258	2018-01-14	0	NA	signé
2269	259	2018-01-14	0	NA	signé
2270	260	2018-01-14	0	NA	signé
2271	261	2018-01-14	0	NA	signé
2272	262	2018-01-14	0	NA	signé
2273	263	2018-01-14	0	NA	signé
2274	264	2018-01-14	0	NA	signé
2275	265	2018-01-15	0	NA	signé
2276	266	2018-01-15	0	NA	signé
2277	267	2018-01-15	0	NA	signé
2278	268	2018-01-15	0	NA	signé
2279	269	2018-01-15	0	NA	signé
2280	270	2018-01-15	0	NA	signé
2281	271	2018-01-15	0	NA	signé
2282	272	2018-01-18	0	NA	signé
2283	273	2018-01-18	0	NA	signé
2284	274	2018-01-18	0	NA	signé
2285	275	2018-01-18	0	NA	signé
2286	276	2018-01-18	0	NA	signé
2287	277	2018-01-18	0	NA	signé
2288	278	2018-01-18	0	NA	signé
2289	279	2018-01-18	0	NA	signé
2290	280	2018-01-18	0	NA	signé
2291	281	2018-01-19	0	NA	signé
2292	282	2018-01-19	0	NA	signé
2293	283	2018-01-19	0	NA	signé
2294	284	2018-01-19	0	NA	signé
2295	285	2018-01-19	0	NA	signé
2296	286	2018-01-19	0	NA	signé
2297	287	2018-01-19	0	NA	signé
2298	288	2018-01-19	0	NA	signé
2299	289	2018-01-19	0	NA	signé
2300	290	2018-01-19	0	NA	signé
2301	291	2018-01-20	0	NA	signé
2302	292	2018-01-20	0	NA	signé
2303	293	2018-01-20	0	NA	signé
2304	294	2018-01-20	0	NA	signé
2305	295	2018-01-20	0	NA	signé
2307	297	2018-01-20	0	NA	signé
2308	298	2018-01-20	0	NA	signé
2309	299	2018-01-20	0	NA	signé
2310	300	2018-01-21	0	NA	signé
2311	301	2018-01-21	0	NA	signé
2312	302	2018-01-21	0	NA	signé
2313	303	2018-01-21	0	NA	signé
2314	304	2018-01-21	0	NA	signé
2315	305	2018-01-21	0	NA	signé
2316	306	2018-01-21	0	NA	signé
2317	307	2018-01-21	0	NA	signé
2318	308	2018-01-21	0	NA	signé
2319	309	2018-01-22	0	NA	signé
2320	310	2018-01-22	0	NA	signé
2321	311	2018-01-22	0	NA	signé
2322	312	2018-01-22	0	NA	signé
2323	313	2018-01-22	0	NA	signé
2324	314	2018-01-22	0	NA	signé
2325	315	2018-01-22	0	NA	signé
2326	316	2018-01-22	0	NA	signé
2327	317	2018-01-22	0	NA	signé
2328	318	2018-01-25	0	NA	signé
2329	319	2018-01-25	0	NA	signé
2330	320	2018-01-25	0	NA	signé
2331	321	2018-01-25	0	NA	signé
2332	322	2018-01-25	0	NA	signé
2333	323	2018-01-25	0	NA	signé
2334	324	2018-01-25	0	NA	signé
2335	325	2018-01-25	0	NA	signé
2336	326	2018-01-25	0	NA	signé
2338	328	2018-01-26	0	NA	signé
2339	329	2018-01-26	0	NA	signé
2340	330	2018-01-26	0	NA	signé
2341	331	2018-01-26	0	NA	signé
2342	332	2018-01-26	0	NA	signé
2343	333	2018-01-26	0	NA	signé
2344	334	2018-01-26	0	NA	signé
2345	335	2018-01-26	0	NA	signé
2346	336	2018-01-26	0	NA	signé
2347	337	2018-01-26	0	NA	signé
2349	339	2018-01-27	0	NA	signé
2350	340	2018-01-27	0	NA	signé
2351	341	2018-01-27	0	NA	signé
2352	342	2018-01-27	0	NA	signé
2353	343	2018-01-27	0	NA	signé
2354	344	2018-01-27	0	NA	signé
2355	345	2018-01-27	0	NA	signé
2356	346	2018-01-28	0	NA	signé
2357	347	2018-01-28	0	NA	signé
2358	348	2018-01-28	0	NA	signé
2359	349	2018-01-28	0	NA	signé
2360	350	2018-01-28	0	NA	signé
2361	351	2018-01-28	0	NA	signé
2362	352	2018-01-28	0	NA	signé
2363	353	2018-01-28	0	NA	signé
2364	354	2018-01-28	0	NA	signé
2365	355	2018-01-29	0	NA	signé
2366	356	2018-01-29	0	NA	signé
2367	357	2018-01-29	0	NA	signé
2368	358	2018-01-29	0	NA	signé
2369	359	2018-01-29	0	NA	signé
2370	360	2018-01-29	0	NA	signé
2371	361	2018-02-01	0	NA	signé
2372	362	2018-02-01	0	NA	signé
2373	363	2018-02-01	0	NA	signé
2374	364	2018-02-01	0	NA	signé
2375	365	2018-02-01	0	NA	signé
2376	366	2018-02-01	0	NA	signé
2377	367	2018-02-01	0	NA	signé
2378	368	2018-02-02	0	NA	signé
2379	369	2018-02-02	0	NA	signé
2380	370	2018-02-02	0	NA	signé
2381	371	2018-02-02	0	NA	signé
2382	372	2018-02-02	0	NA	signé
2383	373	2018-02-02	0	NA	signé
2384	374	2018-02-02	0	NA	signé
2385	375	2018-02-03	0	NA	signé
2386	376	2018-02-03	0	NA	signé
2387	377	2018-02-03	0	NA	signé
2388	378	2018-02-03	0	NA	signé
2392	382	2018-02-04	0	NA	signé
2393	383	2018-02-04	0	NA	signé
2394	384	2018-02-04	0	NA	signé
2395	385	2018-02-04	0	NA	signé
2396	386	2018-02-04	0	NA	signé
2397	387	2018-02-05	0	NA	signé
2398	388	2018-02-05	0	NA	signé
2399	389	2018-02-05	0	NA	signé
2400	390	2018-02-05	0	NA	signé
2401	391	2018-02-05	0	NA	signé
2402	392	2018-02-05	0	NA	signé
2403	393	2018-02-08	0	NA	signé
2404	394	2018-02-08	0	NA	signé
2405	395	2018-02-08	0	NA	signé
2406	396	2018-02-08	0	NA	signé
2407	397	2018-02-08	0	NA	signé
2408	398	2018-02-08	0	NA	signé
2409	399	2018-02-08	0	NA	signé
2410	400	2018-02-09	0	NA	signé
2411	401	2018-02-09	0	NA	signé
2412	402	2018-02-09	0	NA	signé
2413	403	2018-02-09	0	NA	signé
2414	404	2018-02-09	0	NA	signé
2415	405	2018-02-09	0	NA	signé
2416	406	2018-02-10	0	NA	signé
2418	408	2018-02-10	0	NA	signé
2419	409	2018-02-10	0	NA	signé
2420	410	2018-02-10	0	NA	signé
2422	412	2017-02-11	0	NA	signé
2423	413	2017-02-11	0	NA	signé
2424	414	2017-02-11	0	NA	signé
2425	415	2017-02-11	0	NA	signé
2426	416	2017-02-11	0	NA	signé
2427	417	2017-02-11	0	NA	signé
2428	418	2018-02-12	0	NA	signé
2429	419	2018-02-12	0	NA	signé
2430	420	2018-02-12	0	NA	signé
2432	422	2018-02-12	0	NA	signé
2433	423	2018-02-12	0	NA	signé
2434	424	2018-02-15	0	NA	signé
2435	425	2018-02-15	0	NA	signé
2436	426	2018-02-15	0	NA	signé
2437	427	2018-02-15	0	NA	signé
2438	428	2018-02-15	0	NA	signé
2439	429	2018-02-15	0	NA	signé
2440	430	2018-02-15	0	NA	signé
2441	431	2018-02-16	0	NA	signé
2442	432	2018-02-16	0	NA	signé
2443	433	2018-02-16	0	NA	signé
2444	434	2018-02-16	0	NA	signé
2445	435	2018-02-16	0	NA	signé
2446	436	2018-02-16	0	NA	signé
2447	437	2018-02-16	0	NA	signé
2448	438	2018-02-17	0	NA	signé
2449	439	2018-02-17	0	NA	signé
2450	440	2018-02-17	0	NA	signé
2451	441	2018-02-17	0	NA	signé
2452	442	2018-02-19	0	NA	signé
2453	443	2018-02-19	0	NA	signé
2454	444	2018-02-19	0	NA	signé
2455	445	2018-02-19	0	NA	signé
2456	446	2018-02-19	0	NA	signé
2457	447	2018-02-19	0	NA	signé
2458	448	2018-02-22	0	NA	signé
2459	449	2018-02-22	0	NA	signé
2460	450	2018-02-22	0	NA	signé
2461	451	2018-02-22	0	NA	signé
2462	452	2018-02-22	0	NA	signé
2463	453	2018-02-22	0	NA	signé
2464	454	2018-02-22	0	NA	signé
2465	455	2018-02-23	0	NA	signé
2466	456	2018-02-23	0	NA	signé
2467	457	2018-02-23	0	NA	signé
2469	459	2018-02-23	0	NA	signé
2471	461	2018-02-23	0	NA	signé
2472	462	2018-02-24	0	NA	signé
2473	463	2018-02-24	0	NA	signé
2474	464	2018-02-24	0	NA	signé
2475	465	2018-02-24	0	NA	signé
2479	469	2018-02-25	0	NA	signé
2480	470	2018-02-25	0	NA	signé
2481	471	2018-02-25	0	NA	signé
2482	472	2018-02-25	0	NA	signé
2483	473	2018-02-25	0	NA	signé
2484	474	2018-02-25	0	NA	signé
2485	475	2018-02-25	0	NA	signé
2486	476	2018-02-26	0	NA	signé
2488	478	2018-02-26	0	NA	signé
2489	479	2018-02-26	0	NA	signé
2490	480	2018-02-26	0	NA	signé
2491	481	2018-02-26	0	NA	signé
2492	482	2018-03-01	0	NA	signé
2493	483	2018-03-01	0	NA	signé
2494	484	2018-03-01	0	NA	signé
2495	485	2018-03-01	0	NA	signé
2496	486	2018-03-01	0	NA	signé
2497	487	2018-03-01	0	NA	signé
2498	488	2018-03-01	0	NA	signé
2499	489	2018-03-02	0	NA	signé
2500	490	2018-03-02	0	NA	signé
2501	491	2018-03-02	0	NA	signé
2502	492	2018-03-02	0	NA	signé
2503	493	2018-03-02	0	NA	signé
2504	494	2018-03-02	0	NA	signé
2505	495	2018-03-02	0	NA	signé
2506	496	2018-03-03	0	NA	signé
2507	497	2018-03-03	0	NA	signé
2508	498	2018-03-03	0	NA	signé
2511	501	2018-03-03	0	NA	signé
2512	502	2018-03-04	0	NA	signé
2513	503	2018-03-04	0	NA	signé
2514	504	2018-03-04	0	NA	signé
2515	505	2018-03-04	0	NA	signé
2516	506	2018-03-04	0	NA	signé
2517	507	2018-03-04	0	NA	signé
2518	508	2018-03-04	0	NA	signé
2519	509	2018-03-05	0	NA	signé
2520	510	2018-03-05	0	NA	signé
2521	511	2018-03-05	0	NA	signé
2522	512	2018-03-05	0	NA	signé
2523	513	2018-03-05	0	NA	signé
2524	514	2018-03-08	0	NA	signé
2525	515	2018-03-08	0	NA	signé
2526	516	2018-03-08	0	NA	signé
2527	517	2018-03-08	0	NA	signé
2528	518	2018-03-08	0	NA	signé
2529	519	2018-03-08	0	NA	signé
2530	520	2018-03-08	0	NA	signé
2531	521	2018-03-09	0	NA	signé
2532	522	2018-03-09	0	NA	signé
2533	523	2018-03-09	0	NA	signé
2534	524	2018-03-09	0	NA	signé
2536	526	2018-03-09	0	NA	signé
2537	527	2018-03-09	0	NA	signé
2538	528	2018-03-09	0	NA	signé
2539	529	2018-03-10	0	NA	signé
2540	530	2018-03-10	0	NA	signé
2541	531	2018-03-10	0	NA	signé
2542	532	2018-03-10	0	NA	signé
2544	534	2018-03-11	0	NA	signé
2545	535	2018-03-11	0	NA	signé
2546	536	2018-03-11	0	NA	signé
2547	537	2018-03-11	0	NA	signé
2548	538	2018-03-11	0	NA	signé
2549	539	2018-03-11	0	NA	signé
2550	540	2018-03-11	0	NA	signé
2551	541	2018-03-12	0	NA	signé
2552	542	2018-03-12	0	NA	signé
2553	543	2018-03-12	0	NA	signé
2554	544	2018-03-12	0	NA	signé
2555	545	2018-03-12	0	NA	signé
2556	546	2018-03-12	0	NA	signé
2557	547	2018-03-12	0	NA	signé
2558	548	2018-03-15	0	NA	signé
2559	549	2018-03-15	0	NA	signé
2560	550	2018-03-15	0	NA	signé
2561	551	2018-03-15	0	NA	signé
2562	552	2018-03-15	0	NA	signé
2563	553	2018-03-15	0	NA	signé
2564	554	2018-03-15	0	NA	signé
2565	555	2018-03-16	0	NA	signé
2567	557	2018-03-16	0	NA	signé
2569	559	2018-03-16	0	NA	signé
2570	560	2018-03-16	0	NA	signé
2571	561	2018-03-16	0	NA	signé
2572	562	2018-03-17	0	NA	signé
2573	563	2018-03-17	0	NA	signé
2574	564	2018-03-17	0	NA	signé
2575	565	2018-03-17	0	NA	signé
2576	566	2018-03-18	0	NA	signé
2577	567	2018-03-18	0	NA	signé
2578	568	2018-03-18	0	NA	signé
2579	569	2018-03-18	0	NA	signé
2580	570	2018-03-18	0	NA	signé
2581	571	2018-03-18	0	NA	signé
2582	572	2018-03-18	0	NA	signé
2583	573	2018-03-19	0	NA	signé
2584	574	2018-03-19	0	NA	signé
2585	575	2018-03-19	0	NA	signé
2586	576	2018-03-19	0	NA	signé
2587	577	2018-03-19	0	NA	signé
2589	579	2018-03-20	0	NA	signé
2590	580	2018-03-20	0	NA	signé
2591	581	2018-03-22	0	NA	signé
2592	582	2018-03-22	0	NA	signé
2593	583	2018-03-22	0	NA	signé
2594	584	2018-03-22	0	NA	signé
2595	585	2018-03-22	0	NA	signé
2596	586	2018-03-22	0	NA	signé
2597	587	2018-03-22	0	NA	signé
2598	588	2018-03-23	0	NA	signé
2599	589	2018-03-23	0	NA	signé
2600	590	2018-03-23	0	NA	signé
2601	591	2018-03-23	0	NA	signé
2602	592	2018-03-23	0	NA	signé
2603	593	2018-03-23	0	NA	signé
2604	594	2018-03-23	0	NA	signé
2605	595	2018-03-24	0	NA	signé
2606	596	2018-03-24	0	NA	signé
2607	597	2018-03-24	0	NA	signé
2608	598	2018-03-24	0	NA	signé
2609	599	2018-03-24	0	NA	signé
2610	600	2018-03-25	0	NA	signé
2611	601	2018-03-25	0	NA	signé
2612	602	2018-03-25	0	NA	signé
2613	603	2018-03-25	0	NA	signé
2614	604	2018-03-25	0	NA	signé
2615	605	2018-03-25	0	NA	signé
2616	606	2018-03-25	0	NA	signé
2617	607	2018-03-26	0	NA	signé
2618	608	2018-03-26	0	NA	signé
2619	609	2018-03-26	1	NA	signé
2620	610	2018-03-26	0	NA	signé
2621	611	2018-03-26	0	NA	signé
2622	612	2018-03-26	0	NA	signé
2623	613	2018-03-29	0	NA	signé
2624	614	2018-03-29	0	NA	signé
2625	615	2018-03-29	0	NA	signé
2626	616	2018-03-29	0	NA	signé
2627	617	2018-03-29	0	NA	signé
2628	618	2018-03-29	0	NA	signé
2629	619	2018-03-29	0	NA	signé
2630	620	2018-03-30	0	NA	signé
2631	621	2018-03-30	0	NA	signé
2632	622	2018-03-30	0	NA	signé
2633	623	2018-03-30	0	NA	signé
2634	624	2018-03-30	0	NA	signé
2635	625	2018-03-30	0	NA	signé
2636	626	2018-03-30	0	NA	signé
2637	627	2017-03-31	0	NA	signé
2638	628	2017-03-31	0	NA	signé
2639	629	2017-03-31	0	NA	signé
2640	630	2017-03-31	0	NA	signé
2509	499	2018-03-03	8	staph coag neg	signé
2510	500	2018-03-03	3	staph coag neg	signé
2535	525	2018-03-09	1	staph warneri	signé
2543	533	2018-03-10	2	Staph sp	signé
2566	556	2018-03-16	1	Staph epidermis	signé
2568	558	2018-03-16	17	Dermabacter sp, Corynebacterium sp	signé
2588	578	2018-03-19	35	dont staph aureus	signé
2723	725	2018-06-12	0		signé
2724	723	2018-06-12	0		signé
2725	722	2018-06-12	2	staph coag neg	signé
2753	719	2018-04-25	0		signé
2786	762	2018-04-26	0		signé
2787	761	2018-04-26	0		signé
2788	760	2018-04-26	0		signé
2789	759	2018-04-26	0		signé
2790	758	2018-04-26	0		signé
2791	757	2018-04-26	0		signé
\.


--
-- Name: resultats_id_seq; Type: SEQUENCE SET; Schema: public; Owner: thomas
--

SELECT pg_catalog.setval('public.resultats_id_seq', 2848, true);


--
-- Name: disp_prelev_pkey; Type: CONSTRAINT; Schema: public; Owner: thomas; Tablespace: 
--

ALTER TABLE ONLY public.disp_prelev
    ADD CONSTRAINT disp_prelev_pkey PRIMARY KEY (id);


--
-- Name: jours_prelev_pkey; Type: CONSTRAINT; Schema: public; Owner: thomas; Tablespace: 
--

ALTER TABLE ONLY public.jours_prelev
    ADD CONSTRAINT jours_prelev_pkey PRIMARY KEY (id);


--
-- Name: limites_classes_pkey; Type: CONSTRAINT; Schema: public; Owner: thomas; Tablespace: 
--

ALTER TABLE ONLY public.limites_classes
    ADD CONSTRAINT limites_classes_pkey PRIMARY KEY (id);


--
-- Name: planning_prelev_pkey; Type: CONSTRAINT; Schema: public; Owner: thomas; Tablespace: 
--

ALTER TABLE ONLY public.planning_prelev
    ADD CONSTRAINT planning_prelev_pkey PRIMARY KEY (id_jour, id_point);


--
-- Name: points_prelev_pkey; Type: CONSTRAINT; Schema: public; Owner: thomas; Tablespace: 
--

ALTER TABLE ONLY public.points_prelev
    ADD CONSTRAINT points_prelev_pkey PRIMARY KEY (id);


--
-- Name: prelevements_pkey; Type: CONSTRAINT; Schema: public; Owner: thomas; Tablespace: 
--

ALTER TABLE ONLY public.prelevements
    ADD CONSTRAINT prelevements_pkey PRIMARY KEY (id);


--
-- Name: resultats_pkey; Type: CONSTRAINT; Schema: public; Owner: thomas; Tablespace: 
--

ALTER TABLE ONLY public.resultats
    ADD CONSTRAINT resultats_pkey PRIMARY KEY (id);


--
-- Name: id_point; Type: FK CONSTRAINT; Schema: public; Owner: thomas
--

ALTER TABLE ONLY public.planning_prelev
    ADD CONSTRAINT id_point FOREIGN KEY (id_point) REFERENCES public.points_prelev(id);


--
-- Name: planning_prelev_id_jour_fkey; Type: FK CONSTRAINT; Schema: public; Owner: thomas
--

ALTER TABLE ONLY public.planning_prelev
    ADD CONSTRAINT planning_prelev_id_jour_fkey FOREIGN KEY (id_jour) REFERENCES public.jours_prelev(id);


--
-- Name: points_prelev_id_class_fkey; Type: FK CONSTRAINT; Schema: public; Owner: thomas
--

ALTER TABLE ONLY public.points_prelev
    ADD CONSTRAINT points_prelev_id_class_fkey FOREIGN KEY (id_class) REFERENCES public.limites_classes(id);


--
-- Name: points_prelev_id_disp_fkey; Type: FK CONSTRAINT; Schema: public; Owner: thomas
--

ALTER TABLE ONLY public.points_prelev
    ADD CONSTRAINT points_prelev_id_disp_fkey FOREIGN KEY (id_disp) REFERENCES public.disp_prelev(id);


--
-- Name: prelevements_id_point_fkey; Type: FK CONSTRAINT; Schema: public; Owner: thomas
--

ALTER TABLE ONLY public.prelevements
    ADD CONSTRAINT prelevements_id_point_fkey FOREIGN KEY (id_point) REFERENCES public.points_prelev(id);


--
-- Name: resultats_id_point_fkey; Type: FK CONSTRAINT; Schema: public; Owner: thomas
--

ALTER TABLE ONLY public.resultats
    ADD CONSTRAINT resultats_id_point_fkey FOREIGN KEY (id_prelev) REFERENCES public.prelevements(id);


--
-- Name: SCHEMA public; Type: ACL; Schema: -; Owner: postgres
--

REVOKE ALL ON SCHEMA public FROM PUBLIC;
REVOKE ALL ON SCHEMA public FROM postgres;
GRANT ALL ON SCHEMA public TO postgres;
GRANT ALL ON SCHEMA public TO PUBLIC;


--
-- Name: TABLE disp_prelev; Type: ACL; Schema: public; Owner: thomas
--

REVOKE ALL ON TABLE public.disp_prelev FROM PUBLIC;
REVOKE ALL ON TABLE public.disp_prelev FROM thomas;
GRANT ALL ON TABLE public.disp_prelev TO thomas;
GRANT SELECT,INSERT,DELETE,UPDATE ON TABLE public.disp_prelev TO pharmacien;


--
-- Name: SEQUENCE disp_prelev_id_seq; Type: ACL; Schema: public; Owner: thomas
--

REVOKE ALL ON SEQUENCE public.disp_prelev_id_seq FROM PUBLIC;
REVOKE ALL ON SEQUENCE public.disp_prelev_id_seq FROM thomas;
GRANT ALL ON SEQUENCE public.disp_prelev_id_seq TO thomas;
GRANT SELECT,USAGE ON SEQUENCE public.disp_prelev_id_seq TO pharmacien;


--
-- Name: TABLE jours_prelev; Type: ACL; Schema: public; Owner: thomas
--

REVOKE ALL ON TABLE public.jours_prelev FROM PUBLIC;
REVOKE ALL ON TABLE public.jours_prelev FROM thomas;
GRANT ALL ON TABLE public.jours_prelev TO thomas;
GRANT SELECT,INSERT,DELETE,UPDATE ON TABLE public.jours_prelev TO pharmacien;


--
-- Name: SEQUENCE jours_prelev_id_seq; Type: ACL; Schema: public; Owner: thomas
--

REVOKE ALL ON SEQUENCE public.jours_prelev_id_seq FROM PUBLIC;
REVOKE ALL ON SEQUENCE public.jours_prelev_id_seq FROM thomas;
GRANT ALL ON SEQUENCE public.jours_prelev_id_seq TO thomas;
GRANT SELECT,USAGE ON SEQUENCE public.jours_prelev_id_seq TO pharmacien;


--
-- Name: TABLE limites_classes; Type: ACL; Schema: public; Owner: thomas
--

REVOKE ALL ON TABLE public.limites_classes FROM PUBLIC;
REVOKE ALL ON TABLE public.limites_classes FROM thomas;
GRANT ALL ON TABLE public.limites_classes TO thomas;
GRANT SELECT,INSERT,DELETE,UPDATE ON TABLE public.limites_classes TO pharmacien;


--
-- Name: SEQUENCE limites_classes_id_seq; Type: ACL; Schema: public; Owner: thomas
--

REVOKE ALL ON SEQUENCE public.limites_classes_id_seq FROM PUBLIC;
REVOKE ALL ON SEQUENCE public.limites_classes_id_seq FROM thomas;
GRANT ALL ON SEQUENCE public.limites_classes_id_seq TO thomas;
GRANT SELECT,USAGE ON SEQUENCE public.limites_classes_id_seq TO pharmacien;


--
-- Name: TABLE planning_prelev; Type: ACL; Schema: public; Owner: thomas
--

REVOKE ALL ON TABLE public.planning_prelev FROM PUBLIC;
REVOKE ALL ON TABLE public.planning_prelev FROM thomas;
GRANT ALL ON TABLE public.planning_prelev TO thomas;
GRANT SELECT,INSERT,DELETE,UPDATE ON TABLE public.planning_prelev TO pharmacien;


--
-- Name: TABLE points_prelev; Type: ACL; Schema: public; Owner: thomas
--

REVOKE ALL ON TABLE public.points_prelev FROM PUBLIC;
REVOKE ALL ON TABLE public.points_prelev FROM thomas;
GRANT ALL ON TABLE public.points_prelev TO thomas;
GRANT SELECT,INSERT,DELETE,UPDATE ON TABLE public.points_prelev TO pharmacien;


--
-- Name: SEQUENCE points_prelev_id_seq; Type: ACL; Schema: public; Owner: thomas
--

REVOKE ALL ON SEQUENCE public.points_prelev_id_seq FROM PUBLIC;
REVOKE ALL ON SEQUENCE public.points_prelev_id_seq FROM thomas;
GRANT ALL ON SEQUENCE public.points_prelev_id_seq TO thomas;
GRANT SELECT,USAGE ON SEQUENCE public.points_prelev_id_seq TO pharmacien;


--
-- Name: TABLE prelevements; Type: ACL; Schema: public; Owner: thomas
--

REVOKE ALL ON TABLE public.prelevements FROM PUBLIC;
REVOKE ALL ON TABLE public.prelevements FROM thomas;
GRANT ALL ON TABLE public.prelevements TO thomas;
GRANT SELECT,INSERT,DELETE,UPDATE ON TABLE public.prelevements TO pharmacien;


--
-- Name: SEQUENCE prelevements_id_seq; Type: ACL; Schema: public; Owner: thomas
--

REVOKE ALL ON SEQUENCE public.prelevements_id_seq FROM PUBLIC;
REVOKE ALL ON SEQUENCE public.prelevements_id_seq FROM thomas;
GRANT ALL ON SEQUENCE public.prelevements_id_seq TO thomas;
GRANT SELECT,USAGE ON SEQUENCE public.prelevements_id_seq TO pharmacien;


--
-- Name: TABLE resultats; Type: ACL; Schema: public; Owner: thomas
--

REVOKE ALL ON TABLE public.resultats FROM PUBLIC;
REVOKE ALL ON TABLE public.resultats FROM thomas;
GRANT ALL ON TABLE public.resultats TO thomas;
GRANT SELECT,INSERT,DELETE,UPDATE ON TABLE public.resultats TO pharmacien;


--
-- Name: SEQUENCE resultats_id_seq; Type: ACL; Schema: public; Owner: thomas
--

REVOKE ALL ON SEQUENCE public.resultats_id_seq FROM PUBLIC;
REVOKE ALL ON SEQUENCE public.resultats_id_seq FROM thomas;
GRANT ALL ON SEQUENCE public.resultats_id_seq TO thomas;
GRANT SELECT,USAGE ON SEQUENCE public.resultats_id_seq TO pharmacien;


--
-- PostgreSQL database dump complete
--

